{"cameraMode":{"drawMode":0,"name":"Shaded","section":"Shading Mode"},"sceneLighting":true,"audioPlay":false,"sceneViewState":{"showFog":false,"showMaterialUpdate":false,"showSkybox":true,"showFlares":false,"showImageEffects":false,"showParticleSystems":false},"in2DMode":false,"pivot":{"x":124.73696899414063,"y":137.52691650390626,"z":-278.4222412109375},"rotation":{"x":-0.006609202362596989,"y":0.9745132923126221,"z":-0.22242441773414613,"w":-0.028954699635505678},"size":392.7369079589844,"orthographic":false}