{"cameraMode":{"drawMode":0,"name":"Shaded","section":"Shading Mode"},"sceneLighting":true,"audioPlay":false,"sceneViewState":{"showFog":false,"showMaterialUpdate":false,"showSkybox":true,"showFlares":false,"showImageEffects":false,"showParticleSystems":false},"in2DMode":false,"pivot":{"x":1.6980334520339966,"y":309.6201171875,"z":-3.166104555130005},"rotation":{"x":0.006619881372898817,"y":-0.7248907089233398,"z":-0.00695547042414546,"w":-0.6888202428817749},"size":1.6191327571868897,"orthographic":false}